id,link_title,web_title,bio_url,birth_date,death_date,image_url
8b61b3d8-5b38-4e4a-ae95-e983ce44b084,Padre Antônio Vieira,Padre Antônio Vieira,https://pt.wikipedia.org/wiki/Padre_Ant%C3%B4nio_Vieira,,,https://upload.wikimedia.org/wikipedia/commons/2/28/Padre_Ant%C3%B3nio_Vieira.jpg
80e25af7-56bd-47d2-8fc5-d1bffe65319c,Gregório de Matos,Gregório de Matos,https://pt.wikipedia.org/wiki/Greg%C3%B3rio_de_Matos,,,https://upload.wikimedia.org/wikipedia/commons/7/73/Greg%C3%B3rio_de_Matos.jpg
43d6f46c-abe7-4063-a5b3-13e792f527f5,Manuel Botelho de Oliveira,Manuel Botelho de Oliveira,https://pt.wikipedia.org/wiki/Manuel_Botelho_de_Oliveira,,,
3d3b42d1-9ee6-45ef-90a7-0f4c8fe99b94,Frei Manuel de Santa Maria Itaparica,Frei Manuel de Santa Maria Itaparica,https://pt.wikipedia.org/wiki/Frei_Manuel_de_Santa_Maria_Itaparica,,,
2fe2faa5-72cd-464e-9173-4b7e2c089f5d,Nuno Marques Pereira,Nuno Marques Pereira,https://pt.wikipedia.org/wiki/Nuno_Marques_Pereira,,,
f318fbee-9562-4ba3-a334-5968261cd640,Sebastião da Rocha Pita,Sebastião da Rocha Pita,https://pt.wikipedia.org/wiki/Sebasti%C3%A3o_da_Rocha_Pita,,,https://upload.wikimedia.org/wikipedia/commons/7/75/Rocha_Pita.jpg
4d8ff4ae-35d9-4721-9676-87f187982c8b,Frei Vicente do Salvador,Frei Vicente do Salvador,https://pt.wikipedia.org/wiki/Frei_Vicente_do_Salvador,,,
66010ce0-d1f3-4a47-ad37-43735cfda0a0,Bento Teixeira,Bento Teixeira,https://pt.wikipedia.org/wiki/Bento_Teixeira,,,
85872f6f-ac0c-4845-b346-db8c5370d69a,Alvarenga Peixoto,Alvarenga Peixoto,https://pt.wikipedia.org/wiki/Alvarenga_Peixoto,,,
f8b96f6a-a917-4901-a4e4-bfd9ea60f9b3,Basílio da Gama,Basílio da Gama,https://pt.wikipedia.org/wiki/Bas%C3%ADlio_da_Gama,,,https://upload.wikimedia.org/wikipedia/commons/a/ae/Bas%C3%ADlio_da_Gama.jpg
fb9ac592-24bc-4a6d-8e8a-ba45f6dea925,Cláudio Manuel da Costa,Cláudio Manuel da Costa,https://pt.wikipedia.org/wiki/Cl%C3%A1udio_Manuel_da_Costa,,,https://upload.wikimedia.org/wikipedia/commons/6/63/Claudio_manuel_da_costa.png
ee3a8c77-09ca-4c4c-9947-334bae832ade,Santa Rita Durão,Santa Rita Durão,https://pt.wikipedia.org/wiki/Santa_Rita_Dur%C3%A3o,,,https://upload.wikimedia.org/wikipedia/commons/8/81/Santa_Rita_Dur%C3%A3o_1981_Brazil_stamp.jpg
3c59e788-e34f-463e-84be-dab7301ce002,Silva Alvarenga,Silva Alvarenga,https://pt.wikipedia.org/wiki/Silva_Alvarenga,,,
83c6b8f4-9134-4bab-8cca-a75de5e8ea98,Sousa Caldas,Sousa Caldas,https://pt.wikipedia.org/wiki/Sousa_Caldas,,,https://upload.wikimedia.org/wikipedia/commons/d/db/Sousa_Caldas.gif
9d790f18-c3c7-4816-9ef5-f0fbd29e96ab,Tomás Antônio Gonzaga,Tomás Antônio Gonzaga,https://pt.wikipedia.org/wiki/Tom%C3%A1s_Ant%C3%B4nio_Gonzaga,,,https://upload.wikimedia.org/wikipedia/commons/e/eb/Thomaz_Antonio_Gonzaga.jpg
3ac61493-a279-4546-86a0-2861f336da4a,Gonçalves Dias,Gonçalves Dias,https://pt.wikipedia.org/wiki/Gon%C3%A7alves_Dias,,,https://upload.wikimedia.org/wikipedia/commons/2/21/Gon%C3%A7alves_dias.jpg
36c023e9-7bad-4dd5-a11e-886dc10ed679,Gonçalves de Magalhães,Gonçalves de Magalhães,https://pt.wikipedia.org/wiki/Gon%C3%A7alves_de_Magalh%C3%A3es,,,https://upload.wikimedia.org/wikipedia/commons/d/d2/Visconde_de_Araguaya.jpg
0cffccb9-1435-460f-ab17-7be4d18df409,Manuel de Araújo Porto Alegre,Manuel de Araújo Porto Alegre,https://pt.wikipedia.org/wiki/Manuel_de_Ara%C3%BAjo_Porto_Alegre,,,https://upload.wikimedia.org/wikipedia/commons/2/20/Manuel_Jos%C3%A9_de_Ara%C3%BAjo_Porto-Alegre.jpg
f7fc6018-703a-4212-bb64-ac38a50fceed,Álvares de Azevedo,Álvares de Azevedo,https://pt.wikipedia.org/wiki/%C3%81lvares_de_Azevedo,,,https://upload.wikimedia.org/wikipedia/commons/1/13/%C3%81lvares_de_Azevedo.jpg
cca2d3c9-3486-4115-9713-dd70208873fb,Casimiro de Abreu,Casimiro de Abreu,https://pt.wikipedia.org/wiki/Casimiro_de_Abreu,,,https://upload.wikimedia.org/wikipedia/commons/e/e0/Casimiro_de_Abreu_(Iconogr%C3%A1fico).jpg
549c7316-791b-4d76-88c0-2e6feb404731,Fagundes Varela,Fagundes Varela,https://pt.wikipedia.org/wiki/Fagundes_Varela,,,https://upload.wikimedia.org/wikipedia/commons/8/8d/Fagundes_Varella.jpg
22bce4f9-6f40-42e9-9039-7c295c48dd55,Junqueira Freire,Junqueira Freire,https://pt.wikipedia.org/wiki/Junqueira_Freire,,,https://upload.wikimedia.org/wikipedia/commons/0/0a/Junqueira_Freire.jpg
d7904cd6-e238-440b-af69-355e9480f941,Castro Alves,Castro Alves,https://pt.wikipedia.org/wiki/Castro_Alves,,,https://upload.wikimedia.org/wikipedia/commons/7/7a/CastroAlves.jpg
0a251a98-c0d3-447b-86b1-2f3f014d35b6,Sousândrade,Sousândrade,https://pt.wikipedia.org/wiki/Sous%C3%A2ndrade,,,https://upload.wikimedia.org/wikipedia/commons/f/f3/Ficheiro%3ASouza_Andrade.jpg
2ce1066f-8ca2-4501-aaf1-192cf6c186fc,Tobias Barreto,Tobias Barreto,https://pt.wikipedia.org/wiki/Tobias_Barreto,,,https://upload.wikimedia.org/wikipedia/commons/7/71/Ficheiro%3ANoFonti.svg
3c47dabc-ace2-4426-8111-ebda94cf50d3,Luís Delfino,Luís Delfino,https://pt.wikipedia.org/wiki/Lu%C3%ADs_Delfino,,,
fd951700-7742-4ff7-ab38-09d2fd183072,Joaquim Manuel de Macedo,Joaquim Manuel de Macedo,https://pt.wikipedia.org/wiki/Joaquim_Manuel_de_Macedo,,,https://upload.wikimedia.org/wikipedia/commons/3/36/Joaquim_Manuel_de_Macedo_1866.png
c89ad30c-32f0-479b-83fb-95e9e492acbc,Franklin Távora,Franklin Távora,https://pt.wikipedia.org/wiki/Franklin_T%C3%A1vora,,,https://upload.wikimedia.org/wikipedia/commons/3/34/Franklin_T%C3%A1vora.jpg
57aea9a9-6c49-4564-a1cf-3eedb663b04e,Luís Caetano Pereira Guimarães Júnior,Luís Caetano Pereira Guimarães Júnior,https://pt.wikipedia.org/wiki/Lu%C3%ADs_Caetano_Pereira_Guimar%C3%A3es_J%C3%BAnior,,,https://upload.wikimedia.org/wikipedia/commons/9/9c/Guimar%C3%A3esJ%C3%BAnior.jpg
398e7d0c-b89c-4261-be3d-bf6c8d912a76,Antônio Joaquim Pereira da Silva,Antônio Joaquim Pereira da Silva,https://pt.wikipedia.org/wiki/Ant%C3%B4nio_Joaquim_Pereira_da_Silva,,,https://upload.wikimedia.org/wikipedia/commons/6/62/Poeta_Pereira_da_Silva_(retrato_de_formatura)._Primeira_d%C3%A9cada_do_s%C3%A9culo_passado.jpg
0f4d9dd1-7311-45d1-89db-3c718070ccb1,José de Alencar,José de Alencar,https://pt.wikipedia.org/wiki/Jos%C3%A9_de_Alencar,,,https://upload.wikimedia.org/wikipedia/commons/e/ec/Jose_de_Alencar.png
8825e6c0-b90d-4a7d-a5b0-9f83a2e00e23,Manuel Antônio de Almeida,Manuel Antônio de Almeida,https://pt.wikipedia.org/wiki/Manuel_Ant%C3%B4nio_de_Almeida,,,https://upload.wikimedia.org/wikipedia/commons/9/97/Manuel_Antonio_de_Almeida.jpg
dba4d71f-a7ee-42e8-8a13-9128cea9a8a2,Bernardo Guimarães,Bernardo Guimarães,https://pt.wikipedia.org/wiki/Bernardo_Guimar%C3%A3es,,,
36ebb846-6cb9-48f8-b3be-164c058fca40,Martins Pena,Martins Pena,https://pt.wikipedia.org/wiki/Martins_Pena,,,https://upload.wikimedia.org/wikipedia/commons/c/c5/Martins_Pena.jpg
e584cb2b-136c-4c52-9280-2ccdaee2d42d,Paulo Eiró,Paulo Eiró,https://pt.wikipedia.org/wiki/Paulo_Eir%C3%B3,,,
5c957c59-5472-4d0f-9826-9f4f00d64ff3,Visconde de Taunay,Visconde de Taunay,https://pt.wikipedia.org/wiki/Visconde_de_Taunay,,,https://upload.wikimedia.org/wikipedia/commons/9/97/Alfredo_Taunay.JPG
6a41d1a7-63fc-405c-a691-6fbffc1e77d3,Francisco Sotero dos Reis,Francisco Sotero dos Reis,https://pt.wikipedia.org/wiki/Francisco_Sotero_dos_Reis,,,https://upload.wikimedia.org/wikipedia/commons/f/fd/Francisco_Sotero_dos_Reis_1873_cropped0.jpg
a5ae1eed-2973-4c8c-9b40-405fa41694bd,Joaquim Caetano da Silva,Joaquim Caetano da Silva,https://pt.wikipedia.org/wiki/Joaquim_Caetano_da_Silva,,,
8404eedc-c4e1-4cb9-9398-8720d3e48824,Francisco de Sales Torres Homem,Francisco de Sales Torres Homem,https://pt.wikipedia.org/wiki/Francisco_de_Sales_Torres_Homem,,,https://upload.wikimedia.org/wikipedia/commons/2/23/Francisco_de_Sales_Viscount_of_Inhomirim.jpg
41b63363-7917-488b-ad5a-e318fa90aac5,João Francisco Lisboa,João Francisco Lisboa,https://pt.wikipedia.org/wiki/Jo%C3%A3o_Francisco_Lisboa,,,https://upload.wikimedia.org/wikipedia/commons/4/47/Jo%C3%A3o_Francisco_Lisboa.jpg
ac0a44c9-ceed-4ad5-afaf-c9040f768622,Justiniano José da Rocha,Justiniano José da Rocha,https://pt.wikipedia.org/wiki/Justiniano_Jos%C3%A9_da_Rocha,,,
f5620d3d-c07c-47e8-aad9-6af609092ae4,João Manuel Pereira da Silva,João Manuel Pereira da Silva,https://pt.wikipedia.org/wiki/Jo%C3%A3o_Manuel_Pereira_da_Silva,,,https://upload.wikimedia.org/wikipedia/commons/e/e7/Jo%C3%A3o_Manoel_Pereira_da_Silva_-_Litografia_(cropped-2).jpg
6be21684-6d7f-4bc2-8d29-e6b93a19a372,Joaquim Felício dos Santos,Joaquim Felício dos Santos,https://pt.wikipedia.org/wiki/Joaquim_Fel%C3%ADcio_dos_Santos,,,
deea5ad7-c0fb-4602-85ce-f386530f24cd,Guimarães Júnior,Guimarães Júnior,https://pt.wikipedia.org/wiki/Guimar%C3%A3es_J%C3%BAnior,,,https://upload.wikimedia.org/wikipedia/commons/9/9c/Guimar%C3%A3esJ%C3%BAnior.jpg
652769e7-d709-4d0b-af3c-90d219efb153,Artur Azevedo,Artur Azevedo,https://pt.wikipedia.org/wiki/Artur_Azevedo,,,https://upload.wikimedia.org/wikipedia/commons/8/8e/Artur_Azevedo.jpg
5aebfa0a-a064-470f-bef3-cf8174559cff,Francisco Otaviano,Francisco Otaviano,https://pt.wikipedia.org/wiki/Francisco_Otaviano,,,https://upload.wikimedia.org/wikipedia/commons/3/32/Francisco_Octaviano.jpg
249f9fa1-d355-4218-b6fa-1f8ccde7d06d,Machado de Assis,Machado de Assis,https://pt.wikipedia.org/wiki/Machado_de_Assis,,,https://upload.wikimedia.org/wikipedia/commons/9/98/Machado_de_Assis_1904.jpg
4187ed8e-dc8d-4e85-bcc4-1599ecd28ce9,Júlia Lopes de Almeida,Júlia Lopes de Almeida,https://pt.wikipedia.org/wiki/J%C3%BAlia_Lopes_de_Almeida,,,https://upload.wikimedia.org/wikipedia/commons/7/71/J%C3%BAlia_Lopes_de_Almeida%2C_sem_data.tif
9d0dac74-7e31-4fae-9ac8-e06638dc4386,Xavier Marques,Xavier Marques,https://pt.wikipedia.org/wiki/Xavier_Marques,,,https://upload.wikimedia.org/wikipedia/commons/3/3e/Xavier_Marques.png
8c5f4dc7-8636-4632-9147-72c9d5ce8ee6,Manuel de Oliveira Paiva,Manuel de Oliveira Paiva,https://pt.wikipedia.org/wiki/Manuel_de_Oliveira_Paiva,,,
73ddc0b6-d43e-4b55-a368-26c121b04cf9,Raul Pompéia,Raul Pompéia,https://pt.wikipedia.org/wiki/Raul_Pomp%C3%A9ia,,,https://upload.wikimedia.org/wikipedia/commons/d/d6/Raul_Pompeia.jpg
ddbac51f-33bb-47fd-85ad-6a19b35e96d6,Adherbal de Carvalho,Adherbal de Carvalho,https://pt.wikipedia.org/wiki/Adherbal_de_Carvalho,,,
5e8d8a3f-43bc-42dc-b783-c2d8b07d6600,Adolfo Caminha,Adolfo Caminha,https://pt.wikipedia.org/wiki/Adolfo_Caminha,,,
a54c81d9-7bf8-4757-8277-226aad1d4e7a,Aluísio Azevedo,Aluísio Azevedo,https://pt.wikipedia.org/wiki/Alu%C3%ADsio_Azevedo,,,https://upload.wikimedia.org/wikipedia/commons/4/4e/Aluisio_Azevedo.jpg
a7d0ddf3-575a-4b61-91bb-c37fabb5bce4,Domingos Olímpio,Domingos Olímpio,https://pt.wikipedia.org/wiki/Domingos_Ol%C3%ADmpio,,,
0754fc12-35cd-40d9-b72d-372ccce47f12,Inglês de Sousa,Inglês de Sousa,https://pt.wikipedia.org/wiki/Ingl%C3%AAs_de_Sousa,,,https://upload.wikimedia.org/wikipedia/commons/b/be/Ingl%C3%AAs_de_Souza.jpg
d086dae3-0022-44e0-b094-e90c8c4e328e,Júlio Ribeiro,Júlio Ribeiro,https://pt.wikipedia.org/wiki/J%C3%BAlio_Ribeiro,,,
9e68c6ac-b3c2-4413-b48a-fec94e0427c4,Mario Totta,Mario Totta,https://pt.wikipedia.org/wiki/Mario_Totta,,,https://upload.wikimedia.org/wikipedia/commons/2/2a/Faculdade_de_Medicina_da_Universidade_Federal_do_Rio_Grande_do_Sul_(Campus_Sa%C3%BAde)_011_M%C3%A1rio_Totta.JPG
4655a6b1-3883-47e3-919f-785db019997e,Ferreira Leal,Ferreira Leal,https://pt.wikipedia.org/wiki/Ferreira_Leal,,,
7e4a9918-aa8a-4737-ab90-7b79478ccab4,Paulino Azurenha,Paulino Azurenha,https://pt.wikipedia.org/wiki/Paulino_Azurenha,,,
16950809-4835-434f-94bf-d105753602ea,Paulo Marques de Oliveira,Paulo Marques de Oliveira,https://pt.wikipedia.org/wiki/Paulo_Marques_de_Oliveira,,,
6f9f057d-deb9-47f9-b7d4-09659561c153,José Carlos de Sousa Lobo,José Carlos de Sousa Lobo,https://pt.wikipedia.org/wiki/Jos%C3%A9_Carlos_de_Sousa_Lobo,,,
cf768595-82bb-4513-9f70-418fd8618379,Figueiredo Pimentel,Figueiredo Pimentel,https://pt.wikipedia.org/wiki/Figueiredo_Pimentel,,,
44f05584-3e4c-4576-ba9e-9380b9db97b9,Max Fleiuss,Max Fleiuss,https://pt.wikipedia.org/wiki/Max_Fleiuss,,,
a394e3d6-0b30-4bea-9f06-8982a8e9bb17,Pápi Júnior,Pápi Júnior,https://pt.wikipedia.org/wiki/P%C3%A1pi_J%C3%BAnior,,,
1c03efec-06a3-456a-8142-1dd8be9bd554,Coelho Neto,Coelho Neto,https://pt.wikipedia.org/wiki/Coelho_Neto,,,https://upload.wikimedia.org/wikipedia/commons/6/64/Coelho_Neto.jpg
f9b9b189-ed4c-44ae-b3ce-76fd79345262,Rodolfo Teófilo,Rodolfo Teófilo,https://pt.wikipedia.org/wiki/Rodolfo_Te%C3%B3filo,,,
661a2bb5-9dc0-4627-bbfa-05c67cd6e145,Maria Benedita Bormann,Maria Benedita Bormann,https://pt.wikipedia.org/wiki/Maria_Benedita_Bormann,,,https://upload.wikimedia.org/wikipedia/commons/b/b8/Mulheres_Ilustres_do_Brasil_-_D%C3%A9lia_(Maria_Benedicta_de_Borghman)_(cropped).png
53abd7d7-c352-4157-8614-46c3f118450f,Marques de Carvalho,Marques de Carvalho,https://pt.wikipedia.org/wiki/Marques_de_Carvalho,,,
c4926e45-4e23-47ed-99d1-000bf261fd85,Horácio de Carvalho,Horácio de Carvalho,https://pt.wikipedia.org/wiki/Hor%C3%A1cio_de_Carvalho,,,
ed0d3c7c-72b4-4686-9611-ebd32b90617c,Antônio Sales,Antônio Sales,https://pt.wikipedia.org/wiki/Ant%C3%B4nio_Sales,,,
df736086-a6c6-4300-a489-a0b7c8b898c8,Carlos Dias Fernandes,Carlos Dias Fernandes,https://pt.wikipedia.org/wiki/Carlos_Dias_Fernandes,,,https://upload.wikimedia.org/wikipedia/commons/0/03/Carlos_Dias_Fernandes.jpg
95b8f907-6a3d-472d-927c-c1f7cd5a185c,Antônio de Oliveira (escritor),Antônio de Oliveira (escritor),https://pt.wikipedia.org/wiki/Ant%C3%B4nio_de_Oliveira_(escritor),,,
3996a81d-6284-4b87-86a8-546a036afe84,Emília Bandeira de Melo,Emília Bandeira de Melo,https://pt.wikipedia.org/wiki/Em%C3%ADlia_Bandeira_de_Melo,,,
ce04083e-3a93-4a56-ab88-abc401781483,Canto e Mello,Canto e Mello,https://pt.wikipedia.org/wiki/Canto_e_Mello,,,
8f5d2f40-2880-4225-a083-e0ca5c761721,Avelino Fóscolo,Avelino Fóscolo,https://pt.wikipedia.org/wiki/Avelino_F%C3%B3scolo,,,https://upload.wikimedia.org/wikipedia/commons/5/57/Avelino_F%C3%B3scolo_2.jpg
bfc4e8b0-3e55-4fa0-bdeb-71114bb8391b,Cardoso de Oliveira,Cardoso de Oliveira,https://pt.wikipedia.org/wiki/Cardoso_de_Oliveira,,,
a7b25aa7-6965-4585-9341-337dfd03c6ed,Pardal Mallet,Pardal Mallet,https://pt.wikipedia.org/wiki/Pardal_Mallet,,,https://upload.wikimedia.org/wikipedia/commons/a/a3/Pardal_Mallet.jpg
4e1808d7-9939-4a7c-967c-225058697c2b,Baptista Cepellos,Baptista Cepellos,https://pt.wikipedia.org/wiki/Baptista_Cepellos,,,https://upload.wikimedia.org/wikipedia/commons/8/8f/Busto_de_Batista_Cepelos.jpg
852e294b-5f49-4747-ab1c-f9b3b9e4b9e8,Faria Neves Sobrinho,Faria Neves Sobrinho,https://pt.wikipedia.org/wiki/Faria_Neves_Sobrinho,,,
5f04d6d3-3015-47a3-9ac2-f6a5bbd18c06,Carneiro Vilela,Carneiro Vilela,https://pt.wikipedia.org/wiki/Carneiro_Vilela,,,
ebfffac6-62fb-47ef-ac28-d6ad295917b0,Theotônio Freire,Theotônio Freire,https://pt.wikipedia.org/wiki/Theot%C3%B4nio_Freire,,,
bafdf656-4e61-4a57-9a76-c2e2ae047c25,Manoel Arão de Oliveira Campos,Manoel Arão de Oliveira Campos,https://pt.wikipedia.org/wiki/Manoel_Ar%C3%A3o_de_Oliveira_Campos,,,
151ff8fb-d14d-4fe0-89ed-b6b8db4edaba,Afonso Celso,Afonso Celso,https://pt.wikipedia.org/wiki/Afonso_Celso,,,https://upload.wikimedia.org/wikipedia/commons/5/57/Afonso_Celso.jpg
9c6b3bfd-ae21-439d-b90c-81f3f2a40607,Alberto de Oliveira,Alberto de Oliveira,https://pt.wikipedia.org/wiki/Alberto_de_Oliveira,,,https://upload.wikimedia.org/wikipedia/commons/8/85/Alberto_de_Oliveira_(Iconogr%C3%A1fico).jpg
de857b39-b1a4-4acc-a0b6-6f0a7cfcb630,Bastos Tigre,Bastos Tigre,https://pt.wikipedia.org/wiki/Bastos_Tigre,,,https://upload.wikimedia.org/wikipedia/commons/d/d1/Bastos_Tigre_1944.png
4b47296c-9559-4bca-aa79-88cb1b7e8d6b,Emílio de Menezes,Emílio de Menezes,https://pt.wikipedia.org/wiki/Em%C3%ADlio_de_Menezes,,,https://upload.wikimedia.org/wikipedia/commons/8/81/Em%C3%ADlio_de_Meneses_1911.png
7ad7b03c-37a7-42d6-b459-6e12d6b92174,Félix Pacheco,Félix Pacheco,https://pt.wikipedia.org/wiki/F%C3%A9lix_Pacheco,,,https://upload.wikimedia.org/wikipedia/commons/4/40/Jos%C3%A9_F%C3%A9lix_Alves_Pacheco.jpg
1e6ba3da-b035-4ac5-ab46-830205c48b21,Francisca Júlia,Francisca Júlia,https://pt.wikipedia.org/wiki/Francisca_J%C3%BAlia,,,https://upload.wikimedia.org/wikipedia/commons/2/24/Fjulia.jpg
a00f4351-bfda-477d-bbff-3d3044d0ec42,José Maria Goulart de Andrade,José Maria Goulart de Andrade,https://pt.wikipedia.org/wiki/Jos%C3%A9_Maria_Goulart_de_Andrade,,,
9ef0ab4e-0211-4258-a2bc-de71a0b212f4,Humberto de Campos,Humberto de Campos,https://pt.wikipedia.org/wiki/Humberto_de_Campos,,,https://upload.wikimedia.org/wikipedia/commons/1/1e/Humberto_de_Campos_(1926).tiff
c95a7dff-1a20-4255-8b45-b5992c902a36,João Batista Ribeiro de Andrade Fernandes,João Batista Ribeiro de Andrade Fernandes,https://pt.wikipedia.org/wiki/Jo%C3%A3o_Batista_Ribeiro_de_Andrade_Fernandes,,,https://upload.wikimedia.org/wikipedia/commons/d/da/Jo%C3%A3o_Ribeiro.jpg
56f568a0-b8d2-4318-8242-5ca32de31bca,Júlia Cortines,Júlia Cortines,https://pt.wikipedia.org/wiki/J%C3%BAlia_Cortines,,,
15e32b8c-e072-448e-b587-c101b36c0dbd,Luís Carlos da Fonseca Monteiro de Barros,Luís Carlos da Fonseca Monteiro de Barros,https://pt.wikipedia.org/wiki/Lu%C3%ADs_Carlos_da_Fonseca_Monteiro_de_Barros,,,
a538c9f0-178b-44c2-8f13-ae3e3239f68e,Luís Guimarães,Luís Guimarães,https://pt.wikipedia.org/wiki/Lu%C3%ADs_Guimar%C3%A3es,,,
96496981-a722-4bf2-9124-286ef365f5bb,Magalhães de Azeredo,Magalhães de Azeredo,https://pt.wikipedia.org/wiki/Magalh%C3%A3es_de_Azeredo,,,https://upload.wikimedia.org/wikipedia/commons/f/f2/Pedro_Weing%C3%A4rtner_-_Retrato_do_Embaixador_Carlos_Magalh%C3%A3es_de_Azeredo%2C_1903.jpg
5363ad24-6e51-49ad-9499-0556d2970937,Martins Fontes,Martins Fontes,https://pt.wikipedia.org/wiki/Martins_Fontes,,,
5494e9ad-8030-42e6-850a-d9e2ecabede3,Olavo Bilac,Olavo Bilac,https://pt.wikipedia.org/wiki/Olavo_Bilac,,,https://upload.wikimedia.org/wikipedia/commons/e/e7/Olavobil.jpg
74acba45-1008-4ece-bc6c-0b182e7291c9,Olegário Mariano,Olegário Mariano,https://pt.wikipedia.org/wiki/Oleg%C3%A1rio_Mariano,,,https://upload.wikimedia.org/wikipedia/commons/8/82/M%C3%A1rio_de_Alencar_e_Oleg%C3%A1rio_Mariano_(1909).tif
2e5a3e59-1e82-44d3-b82d-f68ea14c163d,Raimundo Correia,Raimundo Correia,https://pt.wikipedia.org/wiki/Raimundo_Correia,,,https://upload.wikimedia.org/wikipedia/commons/c/c1/Raymundo_Corr%C3%AAa_(Iconogr%C3%A1fico).jpg
b97b91d4-daa8-43c5-87a6-0525ffadd2b6,Rodrigo Otávio,Rodrigo Otávio,https://pt.wikipedia.org/wiki/Rodrigo_Ot%C3%A1vio,,,
10b7cbde-a002-4f74-9f56-37075530d74a,Valentim Magalhães,Valentim Magalhães,https://pt.wikipedia.org/wiki/Valentim_Magalh%C3%A3es,,,
23bb34e5-742d-4d7d-ab20-743e4de70d31,Vicente de Carvalho,Vicente de Carvalho,https://pt.wikipedia.org/wiki/Vicente_de_Carvalho,,,https://upload.wikimedia.org/wikipedia/commons/c/cb/Vicente_Carvalho.jpg
9a1999ed-942e-424f-9c1d-7289e416d638,Alphonsus de Guimaraens,Alphonsus de Guimaraens,https://pt.wikipedia.org/wiki/Alphonsus_de_Guimaraens,,,https://upload.wikimedia.org/wikipedia/commons/7/76/Alphonsus_de_Guimaraens_(facing_left).jpg
dae612c2-435a-4c50-9884-c5fb7ca90c56,Artur de Sales,Artur de Sales,https://pt.wikipedia.org/wiki/Artur_de_Sales,,,
84f4990b-51d6-4e03-91e7-75abb54f3853,Cruz e Sousa,Cruz e Sousa,https://pt.wikipedia.org/wiki/Cruz_e_Sousa,,,https://upload.wikimedia.org/wikipedia/commons/3/35/Cruz_e_Sousa.jpg
f05eda5c-29d5-4e3b-a4f6-258d8d30d743,Pedro Kilkerry,Pedro Kilkerry,https://pt.wikipedia.org/wiki/Pedro_Kilkerry,,,https://upload.wikimedia.org/wikipedia/commons/b/bc/Ficheiro%3APedro_Kilkerry.jpg
785560a9-33c9-40eb-942e-65f4fa9465e8,Nestor Vítor,Nestor Vítor,https://pt.wikipedia.org/wiki/Nestor_V%C3%ADtor,,,
7523405c-d98d-4800-b82b-becc9a080dfe,Augusto dos Anjos,Augusto dos Anjos,https://pt.wikipedia.org/wiki/Augusto_dos_Anjos,,,https://upload.wikimedia.org/wikipedia/commons/e/eb/Augusto_Anjos.jpg
8fedb0c7-1bed-4776-878a-311309a96d85,Euclides da Cunha,Euclides da Cunha,https://pt.wikipedia.org/wiki/Euclides_da_Cunha,,,https://upload.wikimedia.org/wikipedia/commons/9/93/Euclides_da_Cunha.jpg
411da492-deb5-4a20-bdd8-f4bb4efa2568,Graça Aranha,Graça Aranha,https://pt.wikipedia.org/wiki/Gra%C3%A7a_Aranha,,,https://upload.wikimedia.org/wikipedia/commons/5/58/Gra%C3%A7a_Aranha%2C_sem_data.tif
0ec9a314-5885-4450-bf4e-8ef1357be29f,Lima Barreto (escritor),Lima Barreto (escritor),https://pt.wikipedia.org/wiki/Lima_Barreto_(escritor),,,https://upload.wikimedia.org/wikipedia/commons/0/0f/LimaBarreto.jpg
00c55895-a171-4f4a-a2db-500bfbe712f0,Monteiro Lobato,Monteiro Lobato,https://pt.wikipedia.org/wiki/Monteiro_Lobato,,,https://upload.wikimedia.org/wikipedia/commons/d/d2/Monteiro_Lobato.jpg
9bf506fb-4351-46a4-82a0-6f73920b22b5,Raul de Leoni,Raul de Leoni,https://pt.wikipedia.org/wiki/Raul_de_Leoni,,,
f09e9c41-fe3a-4340-8170-6b7a545fd129,Antônio de Alcântara Machado,Antônio de Alcântara Machado,https://pt.wikipedia.org/wiki/Ant%C3%B4nio_de_Alc%C3%A2ntara_Machado,,,https://upload.wikimedia.org/wikipedia/commons/4/41/Alcantara_Machado_foto.jpg
51ec3008-8bc6-49b7-b81e-c068a51130ed,Augusto Frederico Schmidt,Augusto Frederico Schmidt,https://pt.wikipedia.org/wiki/Augusto_Frederico_Schmidt,,,
242353d1-17a0-4fdf-88c2-fc7901a16c8e,Carlos Drummond de Andrade,Carlos Drummond de Andrade,https://pt.wikipedia.org/wiki/Carlos_Drummond_de_Andrade,,,https://upload.wikimedia.org/wikipedia/commons/3/36/Carlos_Drummond_de_Andrade%2C_1970.tif
18a58495-80ca-4fd4-ae24-08128472ff69,Cecília Meireles,Cecília Meireles,https://pt.wikipedia.org/wiki/Cec%C3%ADlia_Meireles,,,https://upload.wikimedia.org/wikipedia/commons/3/3d/Cec%C3%ADlia_Meireles.jpeg
abe91729-e26f-4bfc-9ca0-f16871c6d96a,Cassiano Ricardo,Cassiano Ricardo,https://pt.wikipedia.org/wiki/Cassiano_Ricardo,,,https://upload.wikimedia.org/wikipedia/commons/f/f9/Cassiano_Ricardo_At_The_ABL_1937.jpg
73d9f047-2e95-4608-a6e2-fa5687b2f1e1,Cornélio Pena,Cornélio Pena,https://pt.wikipedia.org/wiki/Corn%C3%A9lio_Pena,,,
b16dc1ff-bc68-4eb1-b5f3-56385a7f0205,Cyro dos Anjos,Cyro dos Anjos,https://pt.wikipedia.org/wiki/Cyro_dos_Anjos,,,https://upload.wikimedia.org/wikipedia/commons/e/e2/Cyro_dos_Anjos%2C_1969.tif
00793a38-a174-4594-87c5-c72f9a005ae3,Dante Milano,Dante Milano,https://pt.wikipedia.org/wiki/Dante_Milano,,,
df8fca34-4817-44fa-9edd-f753891218f4,Érico Veríssimo,Érico Veríssimo,https://pt.wikipedia.org/wiki/%C3%89rico_Ver%C3%ADssimo,,,https://upload.wikimedia.org/wikipedia/commons/5/55/Retrato-erico-revista-do-globo-reproducao.jpg
467ccf16-3fa7-4cf9-b5fd-155358c6e2ca,Euclides Neto,Euclides Neto,https://pt.wikipedia.org/wiki/Euclides_Neto,,,
ba218196-671a-492a-ba56-6575debeea97,Graciliano Ramos,Graciliano Ramos,https://pt.wikipedia.org/wiki/Graciliano_Ramos,,,https://upload.wikimedia.org/wikipedia/commons/0/09/GracilianoRamos.jpg
96246bd5-8abc-4806-a548-452159ed8909,Guilherme de Almeida,Guilherme de Almeida,https://pt.wikipedia.org/wiki/Guilherme_de_Almeida,,,https://upload.wikimedia.org/wikipedia/commons/f/f1/Guilherme_de_Almeida_at_ABL_1930.jpg
e743f808-eccc-4389-9652-55465d97f34a,Henriqueta Lisboa,Henriqueta Lisboa,https://pt.wikipedia.org/wiki/Henriqueta_Lisboa,,,https://upload.wikimedia.org/wikipedia/commons/f/f1/Imagem%3AEstatua_savassi.JPG
5b8a93cc-2507-4374-b0f3-739d0858a91e,Jorge Amado,Jorge Amado,https://pt.wikipedia.org/wiki/Jorge_Amado,,,https://upload.wikimedia.org/wikipedia/commons/1/1d/Jorge_Amado%2C_1970.tif
478cb2d3-911f-4391-a4eb-764fb355b223,Jorge de Lima,Jorge de Lima,https://pt.wikipedia.org/wiki/Jorge_de_Lima,,,https://upload.wikimedia.org/wikipedia/commons/4/4e/Jorge_de_Lima%2C_anos_1940.tif
5c6cac24-be60-4313-b16e-0bedaa1aea1b,José Américo de Almeida,José Américo de Almeida,https://pt.wikipedia.org/wiki/Jos%C3%A9_Am%C3%A9rico_de_Almeida,,,https://upload.wikimedia.org/wikipedia/commons/2/26/Jos%C3%A9_Am%C3%A9rico_de_Almeida_no_Catete..tif
880dfffa-89b2-48ac-a24b-1d2a405b0734,José Geraldo Vieira,José Geraldo Vieira,https://pt.wikipedia.org/wiki/Jos%C3%A9_Geraldo_Vieira,,,
8add1d0c-ff40-4c73-a52c-12819044ccc5,José Lins do Rego,José Lins do Rego,https://pt.wikipedia.org/wiki/Jos%C3%A9_Lins_do_Rego,,,https://upload.wikimedia.org/wikipedia/commons/0/07/Jose_lins_1918.jpg
79d48d88-c233-4d7c-9c23-ce9d9b5d23d1,Juó Bananère,Juó Bananère,https://pt.wikipedia.org/wiki/Ju%C3%B3_Banan%C3%A8re,,,https://upload.wikimedia.org/wikipedia/commons/3/3a/Bananere.jpg
ca23c9c1-da83-48dd-88c4-28c3becd7c6d,Lúcio Cardoso,Lúcio Cardoso,https://pt.wikipedia.org/wiki/L%C3%BAcio_Cardoso,,,https://upload.wikimedia.org/wikipedia/commons/b/b8/Lucio_cardoso.jpg
00ffc347-2920-46b4-bcf1-2e57f7d9f1fe,Manuel Bandeira,Manuel Bandeira,https://pt.wikipedia.org/wiki/Manuel_Bandeira,,,https://upload.wikimedia.org/wikipedia/commons/5/5a/Manuel_Bandeira%2C_1966.tif
9a689349-d923-4046-a2ed-80979c7902a7,Mário de Andrade,Mário de Andrade,https://pt.wikipedia.org/wiki/M%C3%A1rio_de_Andrade,,,https://upload.wikimedia.org/wikipedia/commons/1/13/Mario_de_andrade_1928b.png
b3b268b8-aa1e-43f9-af88-09f7db62c725,Mario Quintana,Mario Quintana,https://pt.wikipedia.org/wiki/Mario_Quintana,,,https://upload.wikimedia.org/wikipedia/commons/a/a8/M%C3%A1rio_Quintana%2C_1966.tif
ff8a9cf6-9812-49cf-b5ca-9fb0b068e0b9,Marques Rebelo,Marques Rebelo,https://pt.wikipedia.org/wiki/Marques_Rebelo,,,https://upload.wikimedia.org/wikipedia/commons/5/5a/Marques_Rebelo%2C_1965.tif
e2e345ee-6a51-446e-be7e-0cf2dc12c6c7,Menotti Del Picchia,Menotti Del Picchia,https://pt.wikipedia.org/wiki/Menotti_Del_Picchia,,,https://upload.wikimedia.org/wikipedia/commons/2/26/Menotti_del_Picchia.jpg
5b157bdb-085b-485a-bae5-b45297c0e271,Murilo Mendes,Murilo Mendes,https://pt.wikipedia.org/wiki/Murilo_Mendes,,,https://upload.wikimedia.org/wikipedia/commons/8/88/Ismael_Nery_-_Retrato_de_Murilo_Mendes%2C_1922.jpg
5a540b7a-c0d8-43a3-ace6-720940707777,Oswald de Andrade,Oswald de Andrade,https://pt.wikipedia.org/wiki/Oswald_de_Andrade,,,https://upload.wikimedia.org/wikipedia/commons/8/8c/Oswald_de_andrade_1920.jpg
ed5946a8-3435-4316-889d-5bba6d97a210,Otávio de Faria,Otávio de Faria,https://pt.wikipedia.org/wiki/Ot%C3%A1vio_de_Faria,,,https://upload.wikimedia.org/wikipedia/commons/2/2e/Ot%C3%A1vio_de_Faria.tif
77f0fa02-be45-429c-9543-f63ff3c84eeb,Pagu,Pagu,https://pt.wikipedia.org/wiki/Pagu,,,https://upload.wikimedia.org/wikipedia/commons/f/f2/Patricia_Galvao.jpg
fe9d5cc4-43c2-4338-b4c8-2a5d5d615d5b,Rachel de Queiroz,Rachel de Queiroz,https://pt.wikipedia.org/wiki/Rachel_de_Queiroz,,,https://upload.wikimedia.org/wikipedia/commons/1/1a/Rachel_de_Queiroz%2C_1971.tif
3bba4643-8fb8-4570-a09c-7d1785a00851,Raul Bopp,Raul Bopp,https://pt.wikipedia.org/wiki/Raul_Bopp,,,https://upload.wikimedia.org/wikipedia/commons/b/b4/Raul_Bopp_cropped.jpg
0a441870-b99d-4c71-a7fb-91fadee6f60d,Ribeiro Couto,Ribeiro Couto,https://pt.wikipedia.org/wiki/Ribeiro_Couto,,,
aae0f398-8bd6-49cb-adeb-16226bf98d6a,Ronald de Carvalho,Ronald de Carvalho,https://pt.wikipedia.org/wiki/Ronald_de_Carvalho,,,
3f36d2cd-d71c-453e-b163-d98876f553bf,Vinícius de Morais,Vinícius de Morais,https://pt.wikipedia.org/wiki/Vin%C3%ADcius_de_Morais,,,https://upload.wikimedia.org/wikipedia/commons/1/19/Vinicius.jpg
f3bf9381-d945-4c51-a689-b03b3890ed4a,Adalgisa Nery,Adalgisa Nery,https://pt.wikipedia.org/wiki/Adalgisa_Nery,,,https://upload.wikimedia.org/wikipedia/commons/2/2b/Adalgisa_Nery.JPG
c8992ec0-2ad7-4535-bd22-c9f0f346f400,Clarice Lispector,Clarice Lispector,https://pt.wikipedia.org/wiki/Clarice_Lispector,,,https://upload.wikimedia.org/wikipedia/commons/5/5a/Clarice_Lispector.jpg
d0b41053-7482-4608-b6a6-88641ede8450,Dalcídio Jurandir,Dalcídio Jurandir,https://pt.wikipedia.org/wiki/Dalc%C3%ADdio_Jurandir,,,
19f32ce2-8a30-473d-a743-4620132d6967,Elisa Lispector,Elisa Lispector,https://pt.wikipedia.org/wiki/Elisa_Lispector,,,https://upload.wikimedia.org/wikipedia/commons/1/1e/Elisa_Lispector%2C_sem_data.tif
0454986d-e34b-47fc-8917-0ee9bc39c82d,Geir Campos,Geir Campos,https://pt.wikipedia.org/wiki/Geir_Campos,,,https://upload.wikimedia.org/wikipedia/commons/6/66/Foto_Geir-escala_de_cinza-02.jpg
bcbddb2a-3d64-455a-b2b2-4524e6e0cc3a,Guimarães Rosa,Guimarães Rosa,https://pt.wikipedia.org/wiki/Guimar%C3%A3es_Rosa,,,https://upload.wikimedia.org/wikipedia/commons/c/c9/Guimar%C3%A3es_Rosa%2C_anos_1960.tif
3dd90d29-d87f-4f0e-a96c-e682cfbb4dac,João Cabral de Melo Neto,João Cabral de Melo Neto,https://pt.wikipedia.org/wiki/Jo%C3%A3o_Cabral_de_Melo_Neto,,,https://upload.wikimedia.org/wikipedia/commons/a/a0/JoaoCabral.JPG
c892e1b9-d105-4a48-91c8-15134c40bb7f,Jorge Andrade (dramaturgo),Jorge Andrade (dramaturgo),https://pt.wikipedia.org/wiki/Jorge_Andrade_(dramaturgo),,,
0983ad09-28d6-404d-b867-e714bbf04385,Lêdo Ivo,Lêdo Ivo,https://pt.wikipedia.org/wiki/L%C3%AAdo_Ivo,,,https://upload.wikimedia.org/wikipedia/commons/e/e6/Ledo_Ivo.jpg
ecfdb38f-ff3c-4384-8edd-7ba82d6df4fa,Mauro Mota,Mauro Mota,https://pt.wikipedia.org/wiki/Mauro_Mota,,,https://upload.wikimedia.org/wikipedia/commons/2/23/Posse_de_Mauro_Mota_na_ABL_(1970).tif
a44b8a16-4835-47a3-a567-f8552cd92461,Geraldo Vidigal,Geraldo Vidigal,https://pt.wikipedia.org/wiki/Geraldo_Vidigal,,,
3796c6b8-48f1-4650-a903-90badfdc7196,Domingos Carvalho da Silva,Domingos Carvalho da Silva,https://pt.wikipedia.org/wiki/Domingos_Carvalho_da_Silva,,,
5c36ec14-f5e2-4bde-b0e1-62b482797416,Nelson Rodrigues,Nelson Rodrigues,https://pt.wikipedia.org/wiki/Nelson_Rodrigues,,,https://upload.wikimedia.org/wikipedia/commons/d/d8/Nelson_Rodrigues_(1971).tif
a742e866-b33e-4628-9816-6167b3a4eda5,Péricles Eugênio da Silva Ramos,Péricles Eugênio da Silva Ramos,https://pt.wikipedia.org/wiki/P%C3%A9ricles_Eug%C3%AAnio_da_Silva_Ramos,,,
f67919db-acc4-48f3-bfee-f67bc87c639e,Ferreira Gullar,Ferreira Gullar,https://pt.wikipedia.org/wiki/Ferreira_Gullar,,,https://upload.wikimedia.org/wikipedia/commons/1/1b/Ferreira_Gullar_no_Fronteiras_do_Pensamento_S%C3%A3o_Paulo_2015_(21676563690).jpg
2c413152-34e3-4330-bdf1-4ac94f419eb3,Décio Pignatari,Décio Pignatari,https://pt.wikipedia.org/wiki/D%C3%A9cio_Pignatari,,,
65434c2b-76f4-47b0-b723-41adbe5b0bfd,Haroldo de Campos,Haroldo de Campos,https://pt.wikipedia.org/wiki/Haroldo_de_Campos,,,
0c1cbd6c-6610-4ba4-aca4-71dd5e7994cd,Augusto de Campos,Augusto de Campos,https://pt.wikipedia.org/wiki/Augusto_de_Campos,,,https://upload.wikimedia.org/wikipedia/commons/6/6f/Ordem_do_M%C3%A9rito_Cultural_(OMC)_2015_(22505512727).jpg
9f69de1a-1460-42bf-a6c1-f1c4f7d13bae,Adélia Prado,Adélia Prado,https://pt.wikipedia.org/wiki/Ad%C3%A9lia_Prado,,,https://upload.wikimedia.org/wikipedia/commons/8/84/Adelia_prado_2014_flickr.jpg
c91de9d3-fdb0-4fb3-b4a5-c4ae31a1022f,Adonias Filho,Adonias Filho,https://pt.wikipedia.org/wiki/Adonias_Filho,,,https://upload.wikimedia.org/wikipedia/commons/6/6c/Adonias_Aguiar_Filho.tiff
c91d8292-bd18-42a0-bcf8-88ada6ee3cb4,Affonso Romano de Sant'Anna,Affonso Romano de Sant'Anna,https://pt.wikipedia.org/wiki/Affonso_Romano_de_Sant%27Anna,,,https://upload.wikimedia.org/wikipedia/commons/8/89/Affonso_Romano_de_Santanna.jpg
05d43ad5-d01d-40e9-b01e-4445e882d008,Aidenor Aires,Aidenor Aires,https://pt.wikipedia.org/wiki/Aidenor_Aires,,,
1886d5a2-e84e-4560-ad5c-4d435705dbad,Alberto Mussa,Alberto Mussa,https://pt.wikipedia.org/wiki/Alberto_Mussa,,,https://upload.wikimedia.org/wikipedia/commons/6/63/AlbertoMussa.jpg
09501000-128f-4c15-8a11-336474dec8c6,Álvaro Cardoso Gomes,Álvaro Cardoso Gomes,https://pt.wikipedia.org/wiki/%C3%81lvaro_Cardoso_Gomes,,,
99ba8298-4d87-4a05-a3fe-f6cd89bbe4a2,Ana Maria Machado,Ana Maria Machado,https://pt.wikipedia.org/wiki/Ana_Maria_Machado,,,https://upload.wikimedia.org/wikipedia/commons/9/9a/anamariamachado2013.jpg
874f3bb0-4957-4c20-b0ab-dff28779d094,Ana Miranda,Ana Miranda,https://pt.wikipedia.org/wiki/Ana_Miranda,,,
dcc6ecba-9ce9-4816-9d43-2a331fc3039f,Ana Cristina Cesar,Ana Cristina Cesar,https://pt.wikipedia.org/wiki/Ana_Cristina_Cesar,,,
e78e003d-0141-4228-9ce2-1987bfc7d415,Angela Dutra de Menezes,Angela Dutra de Menezes,https://pt.wikipedia.org/wiki/Angela_Dutra_de_Menezes,,,
c85122f6-a4dd-4adf-82fe-7609255b0f65,Antônio Callado,Antônio Callado,https://pt.wikipedia.org/wiki/Ant%C3%B4nio_Callado,,,
6f00bb9b-19a8-4132-b30a-6f4af7ca8c5d,Antônio Carlos Viana,Antônio Carlos Viana,https://pt.wikipedia.org/wiki/Ant%C3%B4nio_Carlos_Viana,,,
ccdca096-d1a9-4392-ad36-5d7fdf118bb0,Antônio Torres,Antônio Torres,https://pt.wikipedia.org/wiki/Ant%C3%B4nio_Torres,,,https://upload.wikimedia.org/wikipedia/commons/7/7f/Ant%C3%B4nio_Torres.jpg
926f18cd-d94a-4683-ad38-c8327838e618,Ariano Suassuna,Ariano Suassuna,https://pt.wikipedia.org/wiki/Ariano_Suassuna,,,https://upload.wikimedia.org/wikipedia/commons/b/b8/Ariano_Suassuna.jpg
526c8aff-0782-4b9b-8d4e-913ad21cf424,Armando Freitas Filho,Armando Freitas Filho,https://pt.wikipedia.org/wiki/Armando_Freitas_Filho,,,https://upload.wikimedia.org/wikipedia/commons/5/5e/ArmandoFreitasFilho.jpg
5042a5cb-6d18-464b-b85b-c5ee6634caa9,Augusto Boal,Augusto Boal,https://pt.wikipedia.org/wiki/Augusto_Boal,,,https://upload.wikimedia.org/wikipedia/commons/2/22/Augusto_Boal.jpg
0c13c349-668a-42a0-b086-6675ecef1c87,Autran Dourado,Autran Dourado,https://pt.wikipedia.org/wiki/Autran_Dourado,,,
4a8af912-4581-4e30-9e3c-9cf302a277e5,Bernardo Élis,Bernardo Élis,https://pt.wikipedia.org/wiki/Bernardo_%C3%89lis,,,https://upload.wikimedia.org/wikipedia/commons/f/f2/Bernardo_Ellis.tif
337b6b4d-88cf-4f6f-968e-52bbfbd43514,Bernardo Carvalho,Bernardo Carvalho,https://pt.wikipedia.org/wiki/Bernardo_Carvalho,,,https://upload.wikimedia.org/wikipedia/commons/f/fc/Ficheiro%3ABernardo_Carvalho.JPG
46a50c86-51ba-4ed7-82f8-ef5c4b6f7391,Bruno Tolentino,Bruno Tolentino,https://pt.wikipedia.org/wiki/Bruno_Tolentino,,,https://upload.wikimedia.org/wikipedia/commons/e/ec/Bruno_Tolentino.jpg
70192447-a4e8-4bc1-b21a-77076bb9ff13,Cacaso,Cacaso,https://pt.wikipedia.org/wiki/Cacaso,,,https://upload.wikimedia.org/wikipedia/commons/c/cc/Cacaso.file.jpg
da44de56-efde-48e1-8bdc-61124c9105a6,Caio Fernando Abreu,Caio Fernando Abreu,https://pt.wikipedia.org/wiki/Caio_Fernando_Abreu,,,
7fc2f728-3a37-4f5d-9fa0-4f1327e02fb2,Campos de Carvalho,Campos de Carvalho,https://pt.wikipedia.org/wiki/Campos_de_Carvalho,,,
21362206-f6ad-41b6-8b7d-9b7cbf7eceda,Carlos Heitor Cony,Carlos Heitor Cony,https://pt.wikipedia.org/wiki/Carlos_Heitor_Cony,,,https://upload.wikimedia.org/wikipedia/commons/8/87/Cony_carlos_heitor.jpg
85a1c690-2929-4ba0-acd5-024819da9d9d,Carlos Herculano Lopes,Carlos Herculano Lopes,https://pt.wikipedia.org/wiki/Carlos_Herculano_Lopes,,,
36a84ff2-7a0b-4eb0-bfa3-cc931df85ac7,Carlos Nascimento Silva,Carlos Nascimento Silva,https://pt.wikipedia.org/wiki/Carlos_Nascimento_Silva,,,
584e48e7-4b71-41a5-81c2-9ee4b583afb1,Carlos Nejar,Carlos Nejar,https://pt.wikipedia.org/wiki/Carlos_Nejar,,,https://upload.wikimedia.org/wikipedia/commons/b/bb/Academia_de_Letras_de_Bras%C3%ADlia_homenageia_poeta_Carlos_Nejar_(36128101554).jpg
ba1fe452-d740-4b9a-a7ce-05053c99fb4a,Chico Buarque de Holanda,Chico Buarque de Holanda,https://pt.wikipedia.org/wiki/Chico_Buarque_de_Holanda,,,https://upload.wikimedia.org/wikipedia/commons/9/90/Chico_Buarque_no_BRAVO.jpg
e8dcc2a7-6454-428d-8aaa-06781229b35b,Cora Coralina,Cora Coralina,https://pt.wikipedia.org/wiki/Cora_Coralina,,,https://upload.wikimedia.org/wikipedia/commons/d/db/Cora_Coralina.jpg
fcd03159-67a4-4765-9e36-8c462b55ef4d,Cristóvão Tezza,Cristóvão Tezza,https://pt.wikipedia.org/wiki/Crist%C3%B3v%C3%A3o_Tezza,,,https://upload.wikimedia.org/wikipedia/commons/1/17/Cristovao_Tezza_por_Guilherme_Pupo.jpg
ebe3db0a-7ef1-4f3d-ae09-07bd48aed1ff,Dalton Trevisan,Dalton Trevisan,https://pt.wikipedia.org/wiki/Dalton_Trevisan,,,
3e240ed0-266f-45c9-a78d-7c5fac84fc30,Dias Gomes,Dias Gomes,https://pt.wikipedia.org/wiki/Dias_Gomes,,,https://upload.wikimedia.org/wikipedia/commons/a/ae/Dias-gomes-escritor1922-1999.arquivo..jpg
5270cc9f-f908-4471-9f3e-4aa69f45e77a,Domício Proença Filho,Domício Proença Filho,https://pt.wikipedia.org/wiki/Dom%C3%ADcio_Proen%C3%A7a_Filho,,,https://upload.wikimedia.org/wikipedia/commons/f/fa/Domicio.jpg
2d060dc0-e325-466a-9a3d-d65d937329a1,Donizete Galvão,Donizete Galvão,https://pt.wikipedia.org/wiki/Donizete_Galv%C3%A3o,,,https://upload.wikimedia.org/wikipedia/commons/d/d7/Donizete_Galv%C3%A3o.jpg
1531bd16-7bba-4ae0-a016-fa2547ecab4d,Edla Van Steen,Edla Van Steen,https://pt.wikipedia.org/wiki/Edla_Van_Steen,,,
fe75e04a-68d0-468d-8be0-07c49626a03e,Eduardo Spohr,Eduardo Spohr,https://pt.wikipedia.org/wiki/Eduardo_Spohr,,,https://upload.wikimedia.org/wikipedia/commons/6/6e/Eduardo_spohr.jpg
abed6eec-8cac-4ee2-9ec7-732ca73d35b7,Elias José,Elias José,https://pt.wikipedia.org/wiki/Elias_Jos%C3%A9,,,
5e4dcd8d-b5ff-4269-8bfe-9b5b86a08fca,Esdras do Nascimento,Esdras do Nascimento,https://pt.wikipedia.org/wiki/Esdras_do_Nascimento,,,
eba23711-5e9c-49cd-982a-72bf316077ca,Fernando Sabino,Fernando Sabino,https://pt.wikipedia.org/wiki/Fernando_Sabino,,,https://upload.wikimedia.org/wikipedia/commons/3/3d/Fernando_Sabino%2C_sem_data.tif
74a3f08f-6040-4904-9c5e-f37c7db43ad9,Francisco Alvim,Francisco Alvim,https://pt.wikipedia.org/wiki/Francisco_Alvim,,,
d6010681-0f75-4653-909e-031e87e968ed,Geraldo Ferraz,Geraldo Ferraz,https://pt.wikipedia.org/wiki/Geraldo_Ferraz,,,
c06a2ff8-9f5b-442a-92c0-8a667062b2e8,Gianfrancesco Guarnieri,Gianfrancesco Guarnieri,https://pt.wikipedia.org/wiki/Gianfrancesco_Guarnieri,,,https://upload.wikimedia.org/wikipedia/commons/d/d5/Guarnieri.jpg
03c3eb1e-6a30-4900-8052-8dd05a86f6f1,Gabriel de Paula Machado,Gabriel de Paula Machado,https://pt.wikipedia.org/wiki/Gabriel_de_Paula_Machado,,,https://upload.wikimedia.org/wikipedia/commons/f/fa/Gabriel_Paula_Machado.jpg
208802c2-06b5-4801-8815-6bcb9b73cb80,Harry Laus,Harry Laus,https://pt.wikipedia.org/wiki/Harry_Laus,,,
900382dd-5e11-4bf3-b1e5-a6f33dac46d4,Herberto Sales,Herberto Sales,https://pt.wikipedia.org/wiki/Herberto_Sales,,,
88a46da7-0347-4e35-b44e-8d9d4aca3f13,Hilda Hilst,Hilda Hilst,https://pt.wikipedia.org/wiki/Hilda_Hilst,,,https://upload.wikimedia.org/wikipedia/commons/8/80/Hilda_Hilst%2C_1970.tif
ce72d297-dd0b-447c-8546-9d652faca2c6,Horácio Costa,Horácio Costa,https://pt.wikipedia.org/wiki/Hor%C3%A1cio_Costa,,,
f0e4bbc0-1d21-4361-8ca9-f888d5745db9,Ignácio de Loyola Brandão,Ignácio de Loyola Brandão,https://pt.wikipedia.org/wiki/Ign%C3%A1cio_de_Loyola_Brand%C3%A3o,,,https://upload.wikimedia.org/wikipedia/commons/7/72/Ignacio_loyola_brandao.jpg
e36b234a-9b80-4f3c-935e-5686c320bbb8,Izomar Camargo Guilherme,Izomar Camargo Guilherme,https://pt.wikipedia.org/wiki/Izomar_Camargo_Guilherme,,,
4a3ef225-2e8a-452a-b601-5baf1fe1e93a,Jamesson Buarque,Jamesson Buarque,https://pt.wikipedia.org/wiki/Jamesson_Buarque,,,
7c56e604-4b96-479d-9940-8fd6080bdc77,João Almino,João Almino,https://pt.wikipedia.org/wiki/Jo%C3%A3o_Almino,,,https://upload.wikimedia.org/wikipedia/commons/b/b1/Jo%C3%A3o_Almino_01.jpg
fef76adc-0c5a-4003-94a5-be4ef27658a2,João Antônio,João Antônio,https://pt.wikipedia.org/wiki/Jo%C3%A3o_Ant%C3%B4nio,,,
585dd966-73da-447c-9f2f-1497342c2c89,João Gilberto Noll,João Gilberto Noll,https://pt.wikipedia.org/wiki/Jo%C3%A3o_Gilberto_Noll,,,
67988ac9-284e-4ab5-a281-c708f33e0339,João Ubaldo Ribeiro,João Ubaldo Ribeiro,https://pt.wikipedia.org/wiki/Jo%C3%A3o_Ubaldo_Ribeiro,,,https://upload.wikimedia.org/wikipedia/commons/8/84/Joao_Ubaldo_Ribeiro.jpg
95d66e52-1a11-4086-a2c3-5063e7873a35,Joel Silveira,Joel Silveira,https://pt.wikipedia.org/wiki/Joel_Silveira,,,
0f123886-0aed-4c19-a56f-d4cce9ce056c,José Cândido de Carvalho,José Cândido de Carvalho,https://pt.wikipedia.org/wiki/Jos%C3%A9_C%C3%A2ndido_de_Carvalho,,,https://upload.wikimedia.org/wikipedia/commons/8/82/semimbio
3ee050bc-c663-4297-b43c-d29b4e5af9c5,José Clemente Pozenato,José Clemente Pozenato,https://pt.wikipedia.org/wiki/Jos%C3%A9_Clemente_Pozenato,,,
364ddeb6-9639-4e9c-93e6-5508f2dcb084,José Godoy Garcia,José Godoy Garcia,https://pt.wikipedia.org/wiki/Jos%C3%A9_Godoy_Garcia,,,
f9a7f03f-fb30-40e4-8fef-e88a24005738,José J. Veiga,José J. Veiga,https://pt.wikipedia.org/wiki/Jos%C3%A9_J._Veiga,,,
0ba3520d-ec28-4370-b5b4-506f87893b97,José Paulo Paes,José Paulo Paes,https://pt.wikipedia.org/wiki/Jos%C3%A9_Paulo_Paes,,,
6e8b1b34-20d4-4a29-827a-15f11858f8f6,José Roberto Torero,José Roberto Torero,https://pt.wikipedia.org/wiki/Jos%C3%A9_Roberto_Torero,,,
e9510258-f93f-4539-8e0d-563d5903d74b,Josué Montello,Josué Montello,https://pt.wikipedia.org/wiki/Josu%C3%A9_Montello,,,https://upload.wikimedia.org/wikipedia/commons/9/93/Josu%C3%A9_Montello.jpg
f9e3b2e4-4fbc-4a82-8ef3-0527f50337db,José Sarney,José Sarney,https://pt.wikipedia.org/wiki/Jos%C3%A9_Sarney,,,https://upload.wikimedia.org/wikipedia/commons/f/fb/Foto_Oficial_Sarney_EBC.jpg
21e6a688-d689-4fdc-b5ee-e41231d93aea,Leo Vaz,Leo Vaz,https://pt.wikipedia.org/wiki/Leo_Vaz,,,
e31bf418-bb3c-425d-a747-88b1433c1106,Lindanor Celina,Lindanor Celina,https://pt.wikipedia.org/wiki/Lindanor_Celina,,,
c3929685-86cd-452b-a7e1-136185efe282,Lindolfo Rocha,Lindolfo Rocha,https://pt.wikipedia.org/wiki/Lindolfo_Rocha,,,https://upload.wikimedia.org/wikipedia/commons/4/4f/Lindolfo-Rocha.jpg
472e31a8-edf3-4fdf-b2b3-3f85853957c3,Livia Garcia-Roza,Livia Garcia-Roza,https://pt.wikipedia.org/wiki/Livia_Garcia-Roza,,,
6fd0e86a-ef51-44ad-bb28-c45f30409842,Luís Fernando Veríssimo,Luís Fernando Veríssimo,https://pt.wikipedia.org/wiki/Lu%C3%ADs_Fernando_Ver%C3%ADssimo,,,https://upload.wikimedia.org/wikipedia/commons/6/63/Lu%C3%ADs_Fernando_Ver%C3%ADssimo.jpg
a30d9a02-3ab2-4cb7-8cfc-aa2f6e8d1f9f,Luiz Antonio de Assis Brasil,Luiz Antonio de Assis Brasil,https://pt.wikipedia.org/wiki/Luiz_Antonio_de_Assis_Brasil,,,
3657e799-2adb-4039-bdaa-a8223aafee76,Luiz Vilela,Luiz Vilela,https://pt.wikipedia.org/wiki/Luiz_Vilela,,,
87f0efaa-d6ce-4ca2-9302-c356d7fbbf70,Lya Luft,Lya Luft,https://pt.wikipedia.org/wiki/Lya_Luft,,,https://upload.wikimedia.org/wikipedia/commons/8/8b/Lya_Luft.jpg
b161a528-f4aa-4705-bce1-9c02732ac376,Lygia Fagundes Teles,Lygia Fagundes Teles,https://pt.wikipedia.org/wiki/Lygia_Fagundes_Teles,,,https://upload.wikimedia.org/wikipedia/commons/d/da/Lygia_Fagundes_Telles_-_MinC_(7)_cropped.jpg
61ed4630-1777-4a19-99be-bb70a81f3bc1,Manoel Carlos Karam,Manoel Carlos Karam,https://pt.wikipedia.org/wiki/Manoel_Carlos_Karam,,,
c391958e-32dd-4539-9a55-ac59c7831fd1,Manoel de Barros,Manoel de Barros,https://pt.wikipedia.org/wiki/Manoel_de_Barros,,,
4ac2729c-afe2-4052-874b-93c1aafffafe,Marcelo Mirisola,Marcelo Mirisola,https://pt.wikipedia.org/wiki/Marcelo_Mirisola,,,https://upload.wikimedia.org/wikipedia/commons/8/82/Marcelo_Mirisola_por_Jo%C3%A3o_Marcondes.jpg
58924c9f-f56f-475d-b017-6f61aec4f36e,Marcelo Rubens Paiva,Marcelo Rubens Paiva,https://pt.wikipedia.org/wiki/Marcelo_Rubens_Paiva,,,https://upload.wikimedia.org/wikipedia/commons/8/80/Marcelo_Rubens_Paiva.jpg
5730a8f4-daae-445f-9df4-3c732f3416b0,Margarete Solange,Margarete Solange,https://pt.wikipedia.org/wiki/Margarete_Solange,,,
a0b18957-b4f5-40e9-9097-a034d1ffd3fe,Marina Colasanti,Marina Colasanti,https://pt.wikipedia.org/wiki/Marina_Colasanti,,,https://upload.wikimedia.org/wikipedia/commons/c/cf/Marina-Colasanti-rs.jpg
aa54d764-a5b9-44b1-bf0b-3b5a4a0440d5,Mário Prata,Mário Prata,https://pt.wikipedia.org/wiki/M%C3%A1rio_Prata,,,https://upload.wikimedia.org/wikipedia/commons/2/27/Ficheiro%3A_M%C3%A1rio_Prata.jpg
44c1e8e3-1ede-44e4-b5a9-67104978f3c7,Mário Ribeiro da Cruz,Mário Ribeiro da Cruz,https://pt.wikipedia.org/wiki/M%C3%A1rio_Ribeiro_da_Cruz,,,
683a2510-a2c0-4324-bd6b-8ab85aa2113d,Miguel M. Abrahão,Miguel M. Abrahão,https://pt.wikipedia.org/wiki/Miguel_M._Abrah%C3%A3o,,,
0ed98024-895d-40cf-bb7f-7dd2972caac5,Millôr Fernandes,Millôr Fernandes,https://pt.wikipedia.org/wiki/Mill%C3%B4r_Fernandes,,,https://upload.wikimedia.org/wikipedia/commons/e/ee/Millor_Fernandes_por_Cynthia_Brito.jpg
72e9abb1-8938-40e5-990c-958f8fe57601,Moacyr Scliar,Moacyr Scliar,https://pt.wikipedia.org/wiki/Moacyr_Scliar,,,https://upload.wikimedia.org/wikipedia/commons/4/40/Moacir_Scliar.jpg
3c308a2c-a29a-4f54-ac90-ad61418429e8,Modesto Carone,Modesto Carone,https://pt.wikipedia.org/wiki/Modesto_Carone,,,
ea105eeb-6c03-43fe-9187-45a1b28ef462,Murilo Rubião,Murilo Rubião,https://pt.wikipedia.org/wiki/Murilo_Rubi%C3%A3o,,,
8287d16c-d627-42fd-ae1f-4d7f21448050,Nélida Piñon,Nélida Piñon,https://pt.wikipedia.org/wiki/N%C3%A9lida_Pi%C3%B1on,,,https://upload.wikimedia.org/wikipedia/commons/3/31/Nelida_Pinon_by_Elisa_Cabot.jpg
ca26a375-79cb-4752-9a07-f18ab0239db6,Nelson Motta,Nelson Motta,https://pt.wikipedia.org/wiki/Nelson_Motta,,,https://upload.wikimedia.org/wikipedia/commons/9/93/Nelson_Motta_(4863183235).jpg
7e24b3c3-f538-4885-a811-3433e5a9b83c,Olavo de Carvalho,Olavo de Carvalho,https://pt.wikipedia.org/wiki/Olavo_de_Carvalho,,,https://upload.wikimedia.org/wikipedia/commons/1/15/Olavo_de_Carvalho_em_2013.png
42a18577-d46e-4f60-b45a-e8f0ce577453,Olga Savary,Olga Savary,https://pt.wikipedia.org/wiki/Olga_Savary,,,
6287ca16-2c87-4b7d-8164-1f760d1fc0ff,Otto Lara Resende,Otto Lara Resende,https://pt.wikipedia.org/wiki/Otto_Lara_Resende,,,https://upload.wikimedia.org/wikipedia/commons/d/d3/Otto_Lara_Resende_(1964).tif
6646cafe-4ffe-4c1e-95da-0e069391f6f0,Osman Lins,Osman Lins,https://pt.wikipedia.org/wiki/Osman_Lins,,,https://upload.wikimedia.org/wikipedia/commons/6/6f/Osman_Lins.png
3e79b260-b116-47b8-8c7d-493461e47582,Paulo Aquarone,Paulo Aquarone,https://pt.wikipedia.org/wiki/Paulo_Aquarone,,,
4c3f41db-2e59-43dd-8dd6-8a83d00c2372,Paulo Coelho,Paulo Coelho,https://pt.wikipedia.org/wiki/Paulo_Coelho,,,https://upload.wikimedia.org/wikipedia/commons/a/a7/Paulo_Coelho_30102007.jpg
903b5827-7289-4e1f-adf7-463a2a6c76e8,Paulo Leminski,Paulo Leminski,https://pt.wikipedia.org/wiki/Paulo_Leminski,,,https://upload.wikimedia.org/wikipedia/commons/1/10/%E2%80%8E
90d20e28-19ff-435f-8397-553a273826f2,Paulo Lins,Paulo Lins,https://pt.wikipedia.org/wiki/Paulo_Lins,,,
8522663b-2cca-449c-ac19-8940e7566a4f,Paulo Mendes Campos,Paulo Mendes Campos,https://pt.wikipedia.org/wiki/Paulo_Mendes_Campos,,,https://upload.wikimedia.org/wikipedia/commons/4/43/Paulo_Mendes_Campos_(1958).tiff
e67018c2-7aec-4772-bcc5-57ef9032c694,Paulinho Assunção,Paulinho Assunção,https://pt.wikipedia.org/wiki/Paulinho_Assun%C3%A7%C3%A3o,,,
4d9e20c9-e0ea-413b-86b4-732aea359d82,Pedro Bandeira,Pedro Bandeira,https://pt.wikipedia.org/wiki/Pedro_Bandeira,,,https://upload.wikimedia.org/wikipedia/commons/9/93/Pedro_Bandeira_3.JPG
ae7f41be-7598-42f1-b396-e0e6d2ded315,Pedro Nava,Pedro Nava,https://pt.wikipedia.org/wiki/Pedro_Nava,,,https://upload.wikimedia.org/wikipedia/commons/9/9b/Pedro_Nava_(1953).tif
d4c4b2f0-02f5-465e-8c4c-40945bd8db41,Per Johns,Per Johns,https://pt.wikipedia.org/wiki/Per_Johns,,,
5dd5a0ed-d371-48e0-9e07-4dd6b157bea2,Raduan Nassar,Raduan Nassar,https://pt.wikipedia.org/wiki/Raduan_Nassar,,,https://upload.wikimedia.org/wikipedia/commons/c/cd/RaduanNassar.jpg
2646bd53-17bf-47bc-aa55-0344c50cb2fe,Reinaldo Moraes,Reinaldo Moraes,https://pt.wikipedia.org/wiki/Reinaldo_Moraes,,,https://upload.wikimedia.org/wikipedia/commons/7/70/Reinaldo_moraes_provocacoes.jpg
d96dd8cc-4905-41a9-a447-82d6ed0ffebe,Renard Perez,Renard Perez,https://pt.wikipedia.org/wiki/Renard_Perez,,,
ea97ce28-09ef-4efe-a6e1-047138a4dc7d,Ricardo Ramos,Ricardo Ramos,https://pt.wikipedia.org/wiki/Ricardo_Ramos,,,
3c0bdd13-1796-4340-a413-2b3685e692af,Ronald Claver,Ronald Claver,https://pt.wikipedia.org/wiki/Ronald_Claver,,,
70584ad9-5dcb-4785-8423-fe03c533c311,Roberto Drummond,Roberto Drummond,https://pt.wikipedia.org/wiki/Roberto_Drummond,,,
6c330da2-1626-402a-88e9-c9339f495165,Rubem Braga,Rubem Braga,https://pt.wikipedia.org/wiki/Rubem_Braga,,,https://upload.wikimedia.org/wikipedia/commons/4/44/Newton_Braga_e_Rubem_Braga.jpg
7d1acfdd-6ac6-4fb2-913e-13b755140fdc,Rubem Fonseca,Rubem Fonseca,https://pt.wikipedia.org/wiki/Rubem_Fonseca,,,
efe308c0-d86f-44dd-90b3-76633e25e9f6,Rui Calisto,Rui Calisto,https://pt.wikipedia.org/wiki/Rui_Calisto,,,
3e2fb716-6389-43aa-acf9-da34b4defdcf,Ruth Rocha,Ruth Rocha,https://pt.wikipedia.org/wiki/Ruth_Rocha,,,
cd632b00-6982-4649-8300-3830057cd6d9,Ruy Castro,Ruy Castro,https://pt.wikipedia.org/wiki/Ruy_Castro,,,https://upload.wikimedia.org/wikipedia/commons/8/84/Ruy_castro2.jpg
a0f3c12a-863a-4382-bb7a-8489c6f54ac7,Salomão Sousa,Salomão Sousa,https://pt.wikipedia.org/wiki/Salom%C3%A3o_Sousa,,,
93ea7f2b-f3f9-4efa-a0e3-70ab681a3193,Samuel Rawet,Samuel Rawet,https://pt.wikipedia.org/wiki/Samuel_Rawet,,,
3d73cc46-4747-48a3-9d69-2991eaa7eeb1,Sérgio Sant'Anna,Sérgio Sant'Anna,https://pt.wikipedia.org/wiki/S%C3%A9rgio_Sant%27Anna,,,
e6455650-d4e0-47a8-8c7e-0a9ace8aba10,Silviano Santiago,Silviano Santiago,https://pt.wikipedia.org/wiki/Silviano_Santiago,,,https://upload.wikimedia.org/wikipedia/commons/4/4d/Silviano_Santiago.JPG
a1d84069-9fca-41ab-a382-6987e2a962c4,Thales de Andrade,Thales de Andrade,https://pt.wikipedia.org/wiki/Thales_de_Andrade,,,
194b2559-5db4-4a44-9125-cc2966c2675a,Yara Cecim,Yara Cecim,https://pt.wikipedia.org/wiki/Yara_Cecim,,,
a722c731-bc8a-4a6a-acce-c32371c7cdfc,Zélia Gattai,Zélia Gattai,https://pt.wikipedia.org/wiki/Z%C3%A9lia_Gattai,,,
30f2f1e2-6fd8-4bcf-a1f1-be43f35fd24c,Zulmira Ribeiro Tavares,Zulmira Ribeiro Tavares,https://pt.wikipedia.org/wiki/Zulmira_Ribeiro_Tavares,,,
5376d42b-946b-479b-82f7-0ad9fd0c6621,André Vianna,André Vianna,https://pt.wikipedia.org/wiki/Andr%C3%A9_Vianna,,,https://upload.wikimedia.org/wikipedia/commons/2/2d/Andr%C3%A9_Luiz_Lopes_Vianna
da575dc6-d91c-4acb-9930-4cf6082bbcda,Adriana Falcão,Adriana Falcão,https://pt.wikipedia.org/wiki/Adriana_Falc%C3%A3o,,,https://upload.wikimedia.org/wikipedia/commons/6/6b/Adrianafalcao_ziraldo.jpg
7da61077-973f-437f-8eaa-9b68792652d9,Adriana Lisboa,Adriana Lisboa,https://pt.wikipedia.org/wiki/Adriana_Lisboa,,,
fc12d5c6-ed5f-47e4-9248-2fd50767db89,Amílcar Bettega Barbosa,Amílcar Bettega Barbosa,https://pt.wikipedia.org/wiki/Am%C3%ADlcar_Bettega_Barbosa,,,
d947fb21-1ba7-483f-a737-aca94d883522,Andréa del Fuego,Andréa del Fuego,https://pt.wikipedia.org/wiki/Andr%C3%A9a_del_Fuego,,,https://upload.wikimedia.org/wikipedia/commons/8/83/Andr%C3%A9a_del_Fuego_PICT2773.jpg
4d32e5de-099c-4c57-beb7-7e920cc027d9,André Sant'Anna,André Sant'Anna,https://pt.wikipedia.org/wiki/Andr%C3%A9_Sant%27Anna,,,
55178676-386e-4fa3-a8e6-d6add75e55df,Celso Kallarrari,Celso Kallarrari,https://pt.wikipedia.org/wiki/Celso_Kallarrari,,,https://upload.wikimedia.org/wikipedia/commons/7/74/lan%C3%A7amento_do_romance_%22O_Ritual_dos_Chrys%C3%A2ntemos%22.jpg
0bdca527-c3cf-417a-80c6-592077171a21,Christiane Tassis,Christiane Tassis,https://pt.wikipedia.org/wiki/Christiane_Tassis,,,
9f6d23e8-1093-4060-a311-1f0d0be5d30d,Cintia Moscovich,Cintia Moscovich,https://pt.wikipedia.org/wiki/Cintia_Moscovich,,,
5319e9b7-f631-4022-8e51-130b560dcb64,Clarah Averbuck,Clarah Averbuck,https://pt.wikipedia.org/wiki/Clarah_Averbuck,,,https://upload.wikimedia.org/wikipedia/commons/8/88/Conexoes_20160401_0003_(25905118310)_(cropped).jpg
3b55ab9b-3d7d-465c-a3bd-ba9ea0ce8487,Daniel Galera,Daniel Galera,https://pt.wikipedia.org/wiki/Daniel_Galera,,,https://upload.wikimedia.org/wikipedia/commons/b/bc/Daniel_galera.jpg
c2c36ec2-50c6-4df6-94c3-897b8644c21f,Daniel Pellizzari,Daniel Pellizzari,https://pt.wikipedia.org/wiki/Daniel_Pellizzari,,,
ffa74024-05e5-4edc-a92a-7c278bf2c902,Fernanda Young,Fernanda Young,https://pt.wikipedia.org/wiki/Fernanda_Young,,,https://upload.wikimedia.org/wikipedia/commons/2/24/Fernanda-young-escritora-e-apresentadora-1264703717443_300x300.jpg
0640c8d2-3c2f-432c-a6f0-44d6fe18fe5a,Fernando Bonassi,Fernando Bonassi,https://pt.wikipedia.org/wiki/Fernando_Bonassi,,,
6f52875c-66ad-424a-a940-b5785bdf78a6,Fernando Molica,Fernando Molica,https://pt.wikipedia.org/wiki/Fernando_Molica,,,https://upload.wikimedia.org/wikipedia/commons/d/d5/Ficheiro%3AFernando_molica_tvbrasil.jpg
23f90cf5-5fa9-4444-b814-b5b5f9b838a5,Índigo (escritora),Índigo (escritora),https://pt.wikipedia.org/wiki/%C3%8Dndigo_(escritora),,,
6e727f3a-e2ef-43ea-a22b-b2b898779f22,Ivana Arruda Leite,Ivana Arruda Leite,https://pt.wikipedia.org/wiki/Ivana_Arruda_Leite,,,
af71df71-faf5-437f-a3ef-7e1506e69176,Ivan Sant'anna,Ivan Sant'anna,https://pt.wikipedia.org/wiki/Ivan_Sant%27anna,,,
e4464337-7211-481f-b229-6d87c746f5d4,João Paulo Cuenca,João Paulo Cuenca,https://pt.wikipedia.org/wiki/Jo%C3%A3o_Paulo_Cuenca,,,https://upload.wikimedia.org/wikipedia/commons/d/d5/Ficheiro%3AJoao_Paulo_Cuenca_Buchmesse.JPG
834cd50d-8af4-4148-9a72-db47916c9e9d,Joca Reiners Terron,Joca Reiners Terron,https://pt.wikipedia.org/wiki/Joca_Reiners_Terron,,,
925c7a17-b6d8-4743-a97d-39888cc36817,Leonardo de Moraes,Leonardo de Moraes,https://pt.wikipedia.org/wiki/Leonardo_de_Moraes,,,
2c9f8ff5-79a2-454c-ab3e-83ce134c35db,Letícia Wierzchowski,Letícia Wierzchowski,https://pt.wikipedia.org/wiki/Let%C3%ADcia_Wierzchowski,,,https://upload.wikimedia.org/wikipedia/commons/c/c1/Leticiaw_bsb.jpg
b524e317-ea8f-4992-b0d9-e831176191d9,Luis Eduardo Matta,Luis Eduardo Matta,https://pt.wikipedia.org/wiki/Luis_Eduardo_Matta,,,https://upload.wikimedia.org/wikipedia/commons/0/09/Luis_Eduardo_Matta_2009.jpg
04dc4523-2121-4c24-abee-823da5c89375,Luiz Alfredo Garcia-Roza,Luiz Alfredo Garcia-Roza,https://pt.wikipedia.org/wiki/Luiz_Alfredo_Garcia-Roza,,,
d4dcf09b-a8c2-4a56-b4dc-1c56e62b7311,Luiz Ruffato,Luiz Ruffato,https://pt.wikipedia.org/wiki/Luiz_Ruffato,,,
e980ef73-36c1-43a6-a545-6eacfe1900d6,Marçal Aquino,Marçal Aquino,https://pt.wikipedia.org/wiki/Mar%C3%A7al_Aquino,,,https://upload.wikimedia.org/wikipedia/commons/0/08/Marcalaquino_tvbrasil.jpg
29b6d3c8-fd0a-45e4-aa26-59c08bfbc0c8,Marcelino Freire,Marcelino Freire,https://pt.wikipedia.org/wiki/Marcelino_Freire,,,https://upload.wikimedia.org/wikipedia/commons/0/01/Marcelino_Freire.jpg
fda36f7e-9baf-4c0f-ac53-541d5fb9e5b0,Mário Bortolotto,Mário Bortolotto,https://pt.wikipedia.org/wiki/M%C3%A1rio_Bortolotto,,,https://upload.wikimedia.org/wikipedia/commons/a/aa/M%C3%A1rio_Bortolotto.jpg
14c01258-4b28-42ba-a0b1-0b54e3e2465f,Miguel Sanches Neto,Miguel Sanches Neto,https://pt.wikipedia.org/wiki/Miguel_Sanches_Neto,,,
a22511d1-1907-45e1-9f93-46b9125d3783,Milton Hatoum,Milton Hatoum,https://pt.wikipedia.org/wiki/Milton_Hatoum,,,https://upload.wikimedia.org/wikipedia/commons/1/1c/Milton_hatoum_tvbrasil.jpg
3239b449-28d4-4eeb-a279-ce1a76faa0fa,Nelson de Oliveira,Nelson de Oliveira,https://pt.wikipedia.org/wiki/Nelson_de_Oliveira,,,https://upload.wikimedia.org/wikipedia/commons/b/b0/Nelson_de_Oliveira%2C_2012.jpg
06be7331-c56c-489a-852e-a14077c7e815,Patrícia Melo,Patrícia Melo,https://pt.wikipedia.org/wiki/Patr%C3%ADcia_Melo,,,
52387983-e660-4d74-b07e-da1ab2f381ef,Paulo Scott,Paulo Scott,https://pt.wikipedia.org/wiki/Paulo_Scott,,,
1a563a50-4e3b-41d1-8c3c-5f253aa3105e,Ronaldo Cagiano,Ronaldo Cagiano,https://pt.wikipedia.org/wiki/Ronaldo_Cagiano,,,
36ff6826-fc94-4595-a213-75deb441fd86,Santiago Nazarian,Santiago Nazarian,https://pt.wikipedia.org/wiki/Santiago_Nazarian,,,
534ab891-9ff3-4b3e-80e4-029b153d1532,Simone Campos,Simone Campos,https://pt.wikipedia.org/wiki/Simone_Campos,,,https://upload.wikimedia.org/wikipedia/commons/2/2b/Simone_Campos.jpg
31247ae4-e8ba-4c0e-844c-2b14bf6dfcdc,Sonia Sant'Anna,Sonia Sant'Anna,https://pt.wikipedia.org/wiki/Sonia_Sant%27Anna,,,
29244f17-792d-4b3d-b660-d0c00f9dd496,Thales Guaracy,Thales Guaracy,https://pt.wikipedia.org/wiki/Thales_Guaracy,,,
7a8e6f81-edbc-42b3-aab9-bc68b999eaac,Vicente Franz Cecim,Vicente Franz Cecim,https://pt.wikipedia.org/wiki/Vicente_Franz_Cecim,,,
2cc7e200-9c16-4d60-bf83-2e8d19538ef6,Xico Sá,Xico Sá,https://pt.wikipedia.org/wiki/Xico_S%C3%A1,,,
2dd6c067-9693-4b31-a49d-a639ca9eb0c8,Zé Rodrix,Zé Rodrix,https://pt.wikipedia.org/wiki/Z%C3%A9_Rodrix,,,https://upload.wikimedia.org/wikipedia/commons/a/a1/Ficheiro%3AS%C3%A1%2C_Rodrix_e_Guarabyra%2C_Teatro_Municipal_(2446101163).jpg
76f8c8a0-fba1-473b-9e45-ab36ebe6fb1d,Angélica Freitas,Angélica Freitas,https://pt.wikipedia.org/wiki/Ang%C3%A9lica_Freitas,,,
37616f58-5ce6-4829-99bc-3684c0993e57,Annita Costa Malufe,Annita Costa Malufe,https://pt.wikipedia.org/wiki/Annita_Costa_Malufe,,,
640d55c7-b0f4-46c0-9ff5-d8e3bb3a2e0e,Carlito Azevedo,Carlito Azevedo,https://pt.wikipedia.org/wiki/Carlito_Azevedo,,,
99cf0272-c4b0-4501-aca3-4fbb5b5997c3,Carlos Eduardo Drummond,Carlos Eduardo Drummond,https://pt.wikipedia.org/wiki/Carlos_Eduardo_Drummond,,,
e5159734-1f3b-4f67-a41a-ab684005d728,Carlos Lima,Carlos Lima,https://pt.wikipedia.org/wiki/Carlos_Lima,,,https://upload.wikimedia.org/wikipedia/commons/7/79/Ficheiro%3ACarlos_Lima.jpg
f66ca2c0-52b6-4d4f-a806-7b887932ddc9,Claudio Daniel,Claudio Daniel,https://pt.wikipedia.org/wiki/Claudio_Daniel,,,
e78a96c7-0323-4200-9d23-abadc6005343,Delmo Montenegro,Delmo Montenegro,https://pt.wikipedia.org/wiki/Delmo_Montenegro,,,
ebcdf1c0-8d36-460f-8399-421fa85e42b6,Fabiano Calixto,Fabiano Calixto,https://pt.wikipedia.org/wiki/Fabiano_Calixto,,,
87a65384-a32d-4f42-9c58-98f585b8e42d,Fabrício Carpinejar,Fabrício Carpinejar,https://pt.wikipedia.org/wiki/Fabr%C3%ADcio_Carpinejar,,,https://upload.wikimedia.org/wikipedia/commons/d/df/Carpinejar_culturars_remix.jpg
83432941-7892-411a-bf7a-0483c058da71,Fabio Weintraub,Fabio Weintraub,https://pt.wikipedia.org/wiki/Fabio_Weintraub,,,
3ff4601c-801e-41b2-82d0-58e579b38391,Horacio Costa,Horacio Costa,https://pt.wikipedia.org/wiki/Horacio_Costa,,,
56fecb06-ff3f-4385-926e-7343d50cf487,Micheliny Verunschk,Micheliny Verunschk,https://pt.wikipedia.org/wiki/Micheliny_Verunschk,,,
d3dd6610-7796-494b-a9c8-1cade689cb07,Paulo Ferraz,Paulo Ferraz,https://pt.wikipedia.org/wiki/Paulo_Ferraz,,,https://upload.wikimedia.org/wikipedia/commons/8/83/File%3APaulo_Ferraz.jpg
07bc1998-a56d-4a6f-b374-d45eaba11ea6,Paulo Henriques Britto,Paulo Henriques Britto,https://pt.wikipedia.org/wiki/Paulo_Henriques_Britto,,,https://upload.wikimedia.org/wikipedia/commons/f/fc/Paulo_Henriques_Britto_PICT2393.jpg
fd1b45ce-ed37-4746-8dbd-20b18bd24203,Tarso de Melo,Tarso de Melo,https://pt.wikipedia.org/wiki/Tarso_de_Melo,,,
7f412b9b-0d9e-487a-945f-d2903cd522c0,Virna Teixeira,Virna Teixeira,https://pt.wikipedia.org/wiki/Virna_Teixeira,,,
